{
    "baseline_accuracy": 0.825,
    "model_accuracy": 0.825,
    "precision": 0.8305084745762712,
    "recall": 0.98989898989899,
    "f1": 0.9032258064516129,
    "threshold": 0.4
}