{
    "baseline_accuracy": 0.825,
    "val_accuracy": 0.825,
    "val_precision": 0.8305084745762712,
    "val_recall": 0.98989898989899,
    "val_f1": 0.9032258064516129,
    "test_accuracy": 0.8133333333333334,
    "test_precision": 0.826530612244898,
    "test_recall": 0.9798387096774194,
    "test_f1": 0.8966789667896679,
    "threshold": 0.4,
    "best_params": {
        "classifier__learning_rate": 0.05,
        "classifier__max_depth": 5,
        "classifier__n_estimators": 50
    }
}