{
    "baseline_accuracy": 0.825,
    "val_accuracy": 0.825,
    "val_precision": 0.825,
    "val_recall": 1.0,
    "val_f1": 0.9041095890410958,
    "test_accuracy": 0.8266666666666667,
    "test_precision": 0.8266666666666667,
    "test_recall": 1.0,
    "test_f1": 0.9051094890510949,
    "threshold": 0.4,
    "best_params": {
        "classifier__C": 0.01,
        "classifier__class_weight": null,
        "classifier__penalty": "l2"
    }
}